{
  "meta": {
    "timestamp": "2025-10-14T12:21:19.604141Z",
    "autosave": true,
    "version": 1
  },
  "state": {
    "player": {
      "name": "Founder",
      "cash": 66804.4906331588,
      "assets_value": 1360.8981266317646,
      "liabilities_value": 0.0,
      "credit_score": 650,
      "portfolio": {}
    },
    "businesses": [
      {
        "id": "BIZ-1",
        "sector": "retail",
        "location": "City A",
        "capacity": 100.0,
        "inventory": 30.0,
        "unit_cost": 8.0,
        "unit_price": 9.673310609756737,
        "employees": 5,
        "revenue_rolling": 1170.5256966262564,
        "profit_rolling": 186.0061035827933
      },
      {
        "id": "BIZ-2",
        "sector": "retail",
        "location": "City A",
        "capacity": 60.0,
        "inventory": 20.0,
        "unit_cost": 7.0,
        "unit_price": 8.47058467027824,
        "employees": 3,
        "revenue_rolling": 391.1886757268056,
        "profit_rolling": 72.25031332680554
      },
      {
        "id": "BIZ-3",
        "sector": "retail",
        "location": "City A",
        "capacity": 60.0,
        "inventory": 20.0,
        "unit_cost": 7.0,
        "unit_price": 8.513674409141643,
        "employees": 3,
        "revenue_rolling": 285.5102601695596,
        "profit_rolling": 56.18466016955958
      }
    ],
    "market": {
      "inflation_annual": 0.04647632520508213,
      "base_interest_rate": 0.029914127921811917,
      "cycle_phase": "peak",
      "sector_demand": {
        "retail": 1.7,
        "manufacturing": 1.7,
        "real_estate": 1.7,
        "tech": 1.7
      },
      "sector_competition": {
        "retail": 0.8199999999999998,
        "manufacturing": 0.955,
        "real_estate": 0.8199999999999998,
        "tech": 0.9299999999999999
      },
      "stock_prices": {
        "RETL": [
          50.0,
          50.08384440790478,
          51.547526404476784,
          50.73603810083493,
          50.36450933306177,
          52.165623748709734,
          48.90162767258638,
          48.475953926457045,
          48.61925485300792,
          47.08849230104072,
          46.243107430335556,
          47.11591238087596,
          47.61225436592024,
          47.59728039807603,
          47.802083204968255,
          48.855353730546504,
          49.58712546941922,
          51.42782538779332,
          52.55258907512863,
          55.62196529114713,
          54.450915522649886,
          53.81835631038007,
          53.32617219967777,
          53.166008025349605,
          53.975358667074296,
          53.33063299382385,
          52.73434726987829,
          53.60171075561768,
          55.26789595276746,
          57.16925886457781
        ],
        "MANU": [
          40.0,
          40.38860331028467,
          41.062616186195214,
          41.14523030274258,
          42.252544721324675,
          43.582566365031205,
          43.074907412160705,
          43.06389023020586,
          42.436920337473865,
          41.592526280926066,
          42.34251446750645,
          41.714069563613684,
          41.692232430319216,
          41.210505630619465,
          41.669670224381846,
          42.52105031897974,
          41.96357006510052,
          40.75145595843124,
          41.74033400159834,
          41.513683117608345,
          41.76327923465053,
          41.07968246511164,
          40.816578996213345,
          41.00560151126161,
          39.630796595361865,
          38.20885520115817,
          37.59128634071691,
          38.40000330276477,
          37.69485425326834,
          37.18758482508529
        ],
        "REAL": [
          60.0,
          60.32019303095509,
          59.893249119615334,
          61.09925265537063,
          60.892702288067255,
          59.816880607958936,
          62.11294237452066,
          59.25646344031147,
          57.03785465644618,
          55.967940918717865,
          55.80384280598391,
          55.10452517000037,
          56.845719494733174,
          56.48251151110519,
          55.154594238159966,
          54.814839446460205,
          54.84538206064678,
          55.15523307768429,
          54.99685672075778,
          55.661161932008994,
          56.78931264458337,
          59.22469647104385,
          58.65322849442008,
          59.36495582732701,
          61.94627815738223,
          62.88036805463643,
          63.93769561282047,
          65.20116014741967,
          66.72270663599778,
          67.91341331365791
        ],
        "TECH": [
          80.0,
          80.25040912945842,
          79.4276507526893,
          77.62618921906079,
          79.4006275786339,
          81.29751678522106,
          82.18727370145479,
          82.76450890455625,
          78.18530340864194,
          80.25137335617664,
          81.52395066784044,
          82.3992852951947,
          82.7340454445144,
          80.0782671371871,
          79.1199493630691,
          82.066792347943,
          84.73977474762751,
          84.84288577868205,
          87.9443695941196,
          90.40755452708838,
          91.8661591021967,
          92.50945805022305,
          94.81959582984472,
          93.89677944701593,
          92.18734341172322,
          91.0756912473735,
          93.03716495881295,
          96.87020554861338,
          95.8505421110271,
          97.9766030164185
        ]
      }
    },
    "clock": {
      "epoch_seconds": 1760444449.817672,
      "tick": 29,
      "day": 30,
      "month": 1,
      "year": 2025
    },
    "city_economies": {
      "City A": {
        "gdp": 100.0,
        "cost_index": 1.0,
        "opportunity": 1.0
      },
      "City B": {
        "gdp": 150.0,
        "cost_index": 1.2,
        "opportunity": 1.1
      },
      "City C": {
        "gdp": 70.0,
        "cost_index": 0.8,
        "opportunity": 0.9
      }
    }
  }
}