{
  "meta": {
    "timestamp": "2025-10-14T13:50:51.682921Z",
    "autosave": true,
    "version": 1
  },
  "state": {
    "player": {
      "name": "Founder",
      "cash": 103819.78972831045,
      "assets_value": 764.1189319364174,
      "liabilities_value": 0.0,
      "credit_score": 650,
      "portfolio": {}
    },
    "businesses": [
      {
        "id": "BIZ-1",
        "sector": "retail",
        "location": "City A",
        "capacity": 100.0,
        "inputs_stock": {},
        "finished_goods": 0.0,
        "unit_cost": 8.0,
        "unit_price": 9.660192688176867,
        "employees": 5,
        "revenue_rolling": 893.7008273561864,
        "profit_rolling": 143.30260660676598,
        "carrying_cost_rate_daily": 0.0003,
        "reorder_point": 70.0,
        "order_quantity": 150.0,
        "active_orders": []
      }
    ],
    "market": {
      "inflation_annual": 0.043769524024588904,
      "base_interest_rate": 0.04712103991924956,
      "cycle_phase": "peak",
      "sector_demand": {
        "retail": 1.7,
        "manufacturing": 1.7,
        "real_estate": 1.7,
        "tech": 1.7
      },
      "sector_competition": {
        "retail": 0.7999999999999998,
        "manufacturing": 0.8199999999999998,
        "real_estate": 0.7999999999999998,
        "tech": 0.7599999999999998
      },
      "stock_prices": {
        "RETL": [
          50.0,
          47.3973206837876,
          48.00779720420612,
          47.57567256853407,
          47.643613878022734,
          47.33680045267181,
          46.23260250975206,
          44.92825893713542,
          46.05620203575776,
          45.486154682779485,
          45.54987550835819,
          45.50582093895469,
          47.63905870574832,
          47.380520512343985,
          47.5687448049881,
          48.860271896475695,
          48.037850518519505,
          48.20703335181836,
          47.89032058184219,
          47.35795893816149,
          48.248598502392504,
          50.03572459663975,
          48.987666969022236,
          50.39656327103397,
          49.59097658927449,
          47.60618015444182,
          47.15709648127274
        ],
        "MANU": [
          40.0,
          40.068419087697094,
          40.958749013002766,
          41.271052211721496,
          40.97635315903766,
          41.54965482063557,
          42.24260773633122,
          42.285382129113174,
          41.99390042337159,
          41.19393456739612,
          42.395565289892545,
          43.55073398812574,
          40.376278580873574,
          40.121684473703425,
          39.938131394250284,
          39.77000090362068,
          40.769203358201864,
          40.58421082589487,
          41.81682815574542,
          42.44915349144112,
          42.9599882520533,
          44.95964071660812,
          45.549474010971764,
          46.941037692130884,
          46.661819849603354,
          47.713659848752094,
          47.06016788205713
        ],
        "REAL": [
          60.0,
          59.14266690379483,
          61.65043715390814,
          61.72490402834706,
          61.79720048916915,
          64.34072793780946,
          63.7919602834315,
          62.554457508655645,
          62.76990103470334,
          62.04064805580823,
          63.334029156940005,
          61.168469668780396,
          61.15860402240308,
          61.82589796907814,
          59.1616337271387,
          60.6895958300745,
          61.5814869319304,
          61.088938898385585,
          60.47746224493357,
          60.75501873793099,
          58.41358166902239,
          59.154670010372364,
          59.993833056732825,
          58.9347777906829,
          60.36177874721949,
          60.18994827770163,
          60.247924092403025
        ],
        "TECH": [
          80.0,
          81.05463967763335,
          83.27383157616838,
          83.85117288830507,
          88.71396229878093,
          89.834054687334,
          87.48634423533109,
          88.74862787493915,
          88.51278998597522,
          86.50159826565893,
          86.61612779450087,
          85.6807380741671,
          84.9837496612535,
          86.72284703765953,
          88.43375271492107,
          85.35826386107806,
          85.94966143809697,
          88.26534573559464,
          85.70028255903979,
          87.68746832960198,
          86.89243158268488,
          88.26333400046565,
          86.55536434826466,
          85.96880889833452,
          85.72859978267941,
          86.9563502525921,
          87.16800678262724
        ]
      }
    },
    "clock": {
      "epoch_seconds": 1760449825.240746,
      "tick": 26,
      "day": 27,
      "month": 1,
      "year": 2025
    },
    "city_economies": {
      "City A": {
        "gdp": 100.0,
        "cost_index": 1.0,
        "opportunity": 1.0
      },
      "City B": {
        "gdp": 150.0,
        "cost_index": 1.2,
        "opportunity": 1.1
      },
      "City C": {
        "gdp": 70.0,
        "cost_index": 0.8,
        "opportunity": 0.9
      }
    }
  }
}